verified,diggCount,musicOriginal,hashtags,mentions,duration,hour,dayOfTheWeek,shareCount,commentCount,playCount,count_mean,z_score
0,13,1,0,0,14,19,2,10,0,465,465.0,-0.2617871085657394
0,22,0,11,0,10,18,5,0,2,484,484.0,-0.2617768582281252
0,93,1,6,0,15,9,6,2,2,5377,5377.0,-0.25913712654673887
0,124,1,6,0,10,13,2,1,5,1418,1418.0,-0.26127297321066867
0,142,1,3,0,14,14,3,69,12,1853,1853.0,-0.2610382944284485
0,143,1,0,0,15,13,1,8,4,1084,1084.0,-0.2614531633560974
0,149,1,6,0,11,10,1,62,42,3378,3378.0,-0.26021556996204465
0,154,1,3,0,15,15,3,1,2,3854,3854.0,-0.259958772030236
0,168,1,7,0,15,7,5,8,14,6046,6046.0,-0.258776206764428
0,198,1,6,0,15,6,7,8,4,1896,1896.0,-0.2610150962959532
0,206,1,5,0,15,3,4,0,7,4620,4620.0,-0.2595455215769472
0,208,1,0,0,8,16,7,7,3,49000,49000.0,-0.23560289087596156
0,218,1,17,0,8,13,5,1,18,3313,3313.0,-0.26025063690651434
0,227,1,0,0,11,10,7,0,4,62200,62200.0,-0.22848160369135112
0,247,0,5,0,15,11,6,5,0,51900,51900.0,-0.2340383656611608
0,250,0,9,0,20,15,4,1,1,10600,10600.0,-0.25631936268573735
0,262,1,6,0,19,12,3,22,13,40300,40300.0,-0.2402964665203639
0,274,1,5,1,15,13,7,2,3,3456,3456.0,-0.2601734896286811
0,277,1,13,0,18,11,4,78,5,6893,6893.0,-0.25831925750341544
0,288,1,9,3,15,7,3,9,16,4100,4100.0,-0.2598260571327046
0,307,1,6,0,15,14,2,0,5,977,977.0,-0.26151088894160907
0,368,1,4,0,20,13,7,1,13,5189,5189.0,-0.2592385509399743
0,379,1,7,1,12,16,5,97,192,20200,20200.0,-0.2511402447332934
0,389,1,3,1,5,18,2,0,19,22000,22000.0,-0.2501691601172102
0,391,1,9,0,14,14,3,2,10,40500,40500.0,-0.24018856822968798
0,393,1,1,0,9,13,7,2,52,11400,11400.0,-0.2558877695230337
0,428,1,0,0,12,23,3,0,4,8916,8916.0,-0.2572278662932286
0,441,0,3,0,7,19,2,15,7,58900,58900.0,-0.23026192548750374
0,447,1,13,0,16,18,1,10,75,26200,26200.0,-0.24790329601301594
0,458,1,10,0,14,3,4,3,8,943,943.0,-0.26152923165102393
0,498,0,4,0,7,1,2,8,329,31700,31700.0,-0.24493609301942826
0,499,0,10,0,5,3,1,1,12,28100,28100.0,-0.24687826225159473
0,499,1,0,0,11,2,3,1,12,15300,15300.0,-0.25378375285485333
0,507,1,1,0,54,9,5,0,23,7037,7037.0,-0.2582415707341288
0,513,1,4,0,14,19,5,6,11,65800,65800.0,-0.22653943445918465
0,515,1,1,0,10,13,3,0,18,10300,10300.0,-0.25648121012175124
0,561,1,13,0,15,14,4,5,1090,9843,9843.0,-0.2567277577159457
0,570,1,7,0,6,14,3,0,3,3637,3637.0,-0.26007584167561937
0,572,1,0,0,12,15,3,39,38,5127,5127.0,-0.2592719994100838
0,575,0,4,0,9,20,7,1,8,32800,32800.0,-0.24434265242071074
0,580,0,4,0,7,21,4,256,0,85600,85600.0,-0.215857503682269
0,581,0,2,0,11,21,5,8,8,19900,19900.0,-0.25130209216930727
0,586,1,0,0,15,16,7,4,8,8766,8766.0,-0.2573087900112355
0,587,1,4,1,5,18,6,3,19,52100,52100.0,-0.23393046737048487
0,613,1,9,0,8,16,1,4,54,20400,20400.0,-0.2510323464426175
0,617,1,6,1,24,20,2,2,36,33600,33600.0,-0.24391105925800707
0,640,1,12,0,39,14,1,20,15,27500,27500.0,-0.2472019571236225
0,643,1,9,0,7,13,7,1,61,11900,11900.0,-0.2556180237963439
0,646,0,1,0,13,18,7,1,27,34500,34500.0,-0.24342551694996545
0,651,0,0,0,21,17,6,11,42,81600,81600.0,-0.21801546949578732
0,657,1,3,0,8,19,3,42,11,43600,43600.0,-0.2385161447242113
0,678,1,4,0,42,17,5,39,329,27700,27700.0,-0.24709405883294658
0,689,1,5,0,8,21,3,3,36,14900,14900.0,-0.2539995494362052
0,700,1,5,0,9,1,4,8,68,35800,35800.0,-0.242724178060572
0,712,0,9,0,60,13,5,5,24,6458,6458.0,-0.25855393628563555
0,712,1,5,0,7,9,1,11,4,31900,31900.0,-0.24482819472875234
0,720,0,0,0,13,13,7,0,15,11300,11300.0,-0.2559417186683717
0,732,1,10,0,15,15,4,10,1206,23200,23200.0,-0.24952177037315468
0,734,0,12,0,15,16,2,1,54,8071,8071.0,-0.2576837365713343
0,738,1,6,0,10,15,5,48,19,37700,37700.0,-0.2416991442991508
0,798,1,1,1,5,11,6,6,16,35900,35900.0,-0.24267022891523404
0,801,0,4,0,14,8,5,15,34,8223,8223.0,-0.2576017338704206
0,802,1,1,0,10,14,5,0,33,45300,45300.0,-0.237599009253466
0,810,1,1,1,15,14,3,9,8,50500,50500.0,-0.2347936536958922
0,826,1,0,0,8,13,7,0,5,16400,16400.0,-0.2531903122561358
0,831,1,8,1,35,19,3,10,37,6599,6599.0,-0.25847786799070904
0,833,1,2,2,15,10,7,2,6,9373,9373.0,-0.2569813186990341
0,837,1,14,0,9,19,3,1,13,49600,49600.0,-0.23527919600393382
0,886,1,8,0,15,14,2,85,87,36700,36700.0,-0.24223863575253038
0,890,1,0,0,15,5,3,1,2,32000,32000.0,-0.2447742455834144
0,893,1,0,1,13,13,3,1,18,35900,35900.0,-0.24267022891523404
0,899,1,3,1,8,19,6,7,88,35900,35900.0,-0.24267022891523404
0,937,0,2,0,13,18,6,6,26,44600,44600.0,-0.2379766532708317
0,937,1,1,1,15,20,1,6,12,27200,27200.0,-0.24736380455963636
0,971,1,14,0,18,20,4,9,11,79000,79000.0,-0.21941814727457423
0,988,1,3,0,15,1,7,45,14,65200,65200.0,-0.2268631293312124
0,1016,0,3,0,13,20,7,19,31,56700,56700.0,-0.2314488066849388
0,1018,1,5,0,30,20,6,2,13,10900,10900.0,-0.25615751524972347
0,1051,1,6,0,6,18,4,25,218,35200,35200.0,-0.24304787293259975
0,1055,1,2,0,19,13,3,7,4,22200,22200.0,-0.25006126182653426
0,1086,0,1,0,13,4,7,6,36,48600,48600.0,-0.23581868745731338
0,1086,1,4,0,9,17,6,13,7,27900,27900.0,-0.24698616054227066
0,1086,1,7,0,15,15,2,32,29,48000,48000.0,-0.23614238232934115
0,1089,1,2,0,8,19,2,10,6,32300,32300.0,-0.24461239814740052
0,1090,1,14,0,8,16,2,7,50,10100,10100.0,-0.25658910841242716
0,1091,1,0,0,41,7,2,122,15,9247,9247.0,-0.2570492946221599
0,1100,1,11,0,14,3,6,14,63,30100,30100.0,-0.2457992793448356
0,1105,1,10,0,11,20,2,39,85,6792,6792.0,-0.2583737461402068
0,1106,1,4,3,54,21,7,70,80,22500,22500.0,-0.24989941439052038
0,1112,1,0,0,28,22,3,291,107,69700,69700.0,-0.2244354177910043
0,1116,1,8,1,41,15,2,23,123,12200,12200.0,-0.25545617636033
0,1125,1,2,0,22,18,4,35,16,9725,9725.0,-0.2567914177074445
0,1176,0,5,1,15,13,7,6,35,80600,80600.0,-0.2185549609491669
0,1188,1,6,1,15,8,5,1,8,31300,31300.0,-0.2451518896007801
0,1194,1,11,0,15,18,2,1,8,7090,7090.0,-0.25821297768709967
0,1222,0,9,0,10,12,6,7,25,9282,9282.0,-0.25703041242129165
0,1236,1,8,0,12,19,1,4,0,13700,13700.0,-0.25464693918026066
0,1242,1,3,0,13,19,7,32,104,62900,62900.0,-0.22810395967398542
0,1246,1,3,0,13,15,1,94,65,46000,46000.0,-0.2372213652361003
0,1251,1,5,0,9,11,5,46,27,50400,50400.0,-0.23484760284123016
0,1257,1,0,0,25,16,5,5,4,19300,19300.0,-0.25162578704133504
0,1269,0,3,0,7,16,5,10,29,226500,226500.0,-0.13984315790108645
0,1269,1,1,0,10,17,3,29,10,259400,259400.0,-0.12209388908489835
0,1283,0,5,0,6,10,1,36,116,59400,59400.0,-0.22999217976081396
0,1287,1,0,0,10,9,6,2,55,33700,33700.0,-0.2438571101126691
0,1319,1,13,0,18,19,4,7,14,25800,25800.0,-0.24811909259436776
0,1325,0,0,0,15,18,4,8,117,57400,57400.0,-0.2310711626675731
0,1334,1,6,0,8,0,4,6,23,9315,9315.0,-0.25701260920333013
0,1335,0,7,0,23,9,2,1,32,12800,12800.0,-0.2551324814883023
0,1338,1,0,0,14,0,5,61,13,10600,10600.0,-0.25631936268573735
0,1339,0,4,0,59,12,2,128,43,16900,16900.0,-0.252920566529446
0,1339,1,0,0,11,21,2,31,26,28200,28200.0,-0.2468243131062568
0,1371,1,5,0,13,11,1,148,89,44000,44000.0,-0.23830034814285944
0,1373,1,3,0,9,19,7,10,10,76800,76800.0,-0.2206050284720093
0,1374,1,9,0,47,2,6,8,29,6903,6903.0,-0.25831386258888167
0,1386,0,1,0,13,2,1,68,75,43900,43900.0,-0.2383542972881974
0,1396,1,3,0,8,14,4,33,10,41200,41200.0,-0.23981092421232228
0,1397,1,4,1,15,9,5,61,297,44600,44600.0,-0.2379766532708317
0,1401,1,0,0,18,14,7,1,5,12300,12300.0,-0.25540222721499206
0,1411,1,0,0,14,10,7,24,27,18700,18700.0,-0.2519494819133628
0,1415,1,8,0,31,2,4,9,46,28600,28600.0,-0.24660851652490495
0,1425,1,0,0,7,16,4,19,31,56800,56800.0,-0.23139485753960085
0,1428,1,9,0,29,2,6,66,22,24800,24800.0,-0.24865858404774735
0,1443,1,16,0,40,20,6,4,52,34500,34500.0,-0.24342551694996545
0,1466,0,9,0,20,15,3,17,23,102800,102800.0,-0.20657825068414026
0,1472,1,9,0,10,11,7,114,39,49400,49400.0,-0.23538709429460974
0,1475,1,0,0,12,18,4,27,0,142600,142600.0,-0.18510649083963307
0,1493,1,2,1,35,21,5,9,38,46100,46100.0,-0.23716741609076233
0,1504,1,4,0,7,1,5,4,65,24800,24800.0,-0.24865858404774735
0,1515,1,5,0,6,16,2,416,17,106800,106800.0,-0.20442028487062194
0,1525,1,0,0,9,4,2,0,93,10400,10400.0,-0.2564272609764133
0,1535,0,5,0,19,16,6,159,96,47300,47300.0,-0.23652002634670685
0,1546,1,6,0,14,12,7,18,38,12800,12800.0,-0.2551324814883023
0,1567,1,13,0,9,7,6,19,44,107500,107500.0,-0.20404264085325624
0,1579,1,3,0,13,10,6,8,13,55600,55600.0,-0.23204224728365636
0,1587,1,0,0,8,14,5,113,30,44800,44800.0,-0.23786875498015578
0,1590,0,8,0,8,6,3,19,34,70600,70600.0,-0.2239498754829627
0,1593,0,4,0,9,15,7,4,54,13000,13000.0,-0.2550245831976264
0,1620,0,6,0,9,12,5,18,94,89200,89200.0,-0.21391533445010252
0,1620,0,7,0,10,18,1,0,25,71300,71300.0,-0.22357223146559696
0,1650,1,8,0,41,2,5,26,37,30100,30100.0,-0.2457992793448356
0,1651,0,2,0,10,14,5,15,37,46900,46900.0,-0.23673582292805867
0,1657,0,15,0,58,18,2,45,143,40500,40500.0,-0.24018856822968798
0,1671,1,0,0,15,9,7,6,62,9615,9615.0,-0.25685076176731625
0,1688,0,1,0,13,15,3,441,13,64300,64300.0,-0.227348671639254
0,1689,1,2,1,15,21,5,11,46,50500,50500.0,-0.2347936536958922
0,1693,1,2,0,15,13,2,28,168,61500,61500.0,-0.22885924770871685
0,1698,0,0,0,15,9,5,44,5,44500,44500.0,-0.23803060241616966
0,1707,1,9,0,34,2,5,53,39,29200,29200.0,-0.2462848216528772
0,1714,0,3,0,15,9,6,17,141,23600,23600.0,-0.24930597379180283
0,1723,0,4,1,15,14,4,2,68,26900,26900.0,-0.24752565199565024
0,1723,1,0,0,10,18,7,21,79,72300,72300.0,-0.2230327400122174
0,1742,0,7,0,52,3,1,75,86,44100,44100.0,-0.2382463989975215
0,1744,0,2,0,8,0,3,194,290,191400,191400.0,-0.15877930791470965
0,1744,1,5,0,12,7,4,1,12,11300,11300.0,-0.2559417186683717
0,1754,1,3,1,6,13,5,15,14,66400,66400.0,-0.2262157395871569
0,1759,1,0,0,14,6,1,1,7,27800,27800.0,-0.24704010968760862
0,1763,1,5,0,6,10,3,25,68,31300,31300.0,-0.2451518896007801
0,1763,1,5,0,15,16,5,90,12,24200,24200.0,-0.2489822789197751
0,1770,1,10,0,35,1,4,38,29,25400,25400.0,-0.2483348891757196
0,1778,1,8,1,15,9,4,2,55,28600,28600.0,-0.24660851652490495
0,1783,0,7,0,7,15,2,5,4,202900,202900.0,-0.1525751562008445
0,1791,0,15,0,29,11,7,3,36,44600,44600.0,-0.2379766532708317
0,1794,1,8,0,15,11,5,8,15,74500,74500.0,-0.22184585881478233
0,1795,1,5,0,21,17,2,18,78,87900,87900.0,-0.21461667333949597
0,1805,1,4,0,11,20,4,34,57,64400,64400.0,-0.22729472249391605
0,1806,0,7,0,15,12,7,2,7,49000,49000.0,-0.23560289087596156
0,1816,1,6,1,13,20,1,7,66,23100,23100.0,-0.24957571951849264
0,1829,1,0,0,10,12,5,44,371,63200,63200.0,-0.22794211223797156
0,1833,1,6,0,29,12,2,28,87,27600,27600.0,-0.24714800797828454
0,1842,1,9,1,30,2,5,18,87,25900,25900.0,-0.24806514344902983
0,1846,1,5,0,13,22,5,30,53,24900,24900.0,-0.2486046349024094
0,1859,1,4,1,12,19,1,3,55,30300,30300.0,-0.24569138105415966
0,1861,1,0,0,13,19,3,2,4,19800,19800.0,-0.25135604131464523
0,1868,1,6,0,15,15,7,123,263,12100,12100.0,-0.255510125505668
0,1869,1,0,0,34,6,5,3,5,21500,21500.0,-0.25043890584389994
0,1870,1,0,0,6,13,5,9,60,36000,36000.0,-0.24261627976989608
0,1882,1,4,0,7,18,5,26,24,70800,70800.0,-0.22384197719228677
0,1885,1,8,0,15,21,4,44,42,39200,39200.0,-0.24088990711908143
0,1915,1,0,0,15,5,4,3,10,9667,9667.0,-0.2568227082117405
0,1933,1,0,0,53,15,3,5,28,49400,49400.0,-0.23538709429460974
0,1957,0,9,0,51,23,7,69,46,45000,45000.0,-0.23776085668947988
0,1993,1,2,0,12,3,6,6,34,86500,86500.0,-0.2153719613742274
0,2008,0,18,1,14,12,3,14,678,99700,99700.0,-0.20825067418961696
0,2018,1,1,0,22,11,7,5,2,25100,25100.0,-0.24849673661173347
0,2021,0,9,0,53,1,3,78,89,25500,25500.0,-0.24828094003038165
0,2029,0,9,0,14,17,5,8,27,26900,26900.0,-0.24752565199565024
0,2031,1,6,0,7,1,5,30,84,56300,56300.0,-0.23166460326629065
0,2031,1,7,0,6,11,5,208,59,110300,110300.0,-0.20253206478379343
0,2036,0,9,1,27,2,2,20,16,40800,40800.0,-0.2400267207936741
0,2053,0,5,0,7,17,7,62,42,46800,46800.0,-0.23678977207339663
0,2079,1,4,0,10,17,5,43,101,64800,64800.0,-0.22707892591256423
0,2080,0,4,0,9,12,6,17,19,39300,39300.0,-0.24083595797374346
0,2083,0,3,1,7,1,7,2,19,88900,88900.0,-0.2140771818861164
0,2098,1,8,0,15,15,1,28,70,36700,36700.0,-0.24223863575253038
0,2105,1,9,0,11,15,1,8,41,45500,45500.0,-0.23749111096279008
0,2111,0,12,0,8,3,6,44,37,97100,97100.0,-0.20965335196840384
0,2125,1,0,0,8,15,1,573,38,36900,36900.0,-0.24213073746185446
0,2129,1,0,0,12,21,1,24,80,11900,11900.0,-0.2556180237963439
0,2137,1,3,0,10,18,3,115,216,47400,47400.0,-0.2364660772013689
0,2157,1,0,0,10,1,4,27,24,35100,35100.0,-0.2431018220779377
0,2163,0,6,1,8,15,4,51,22,35100,35100.0,-0.2431018220779377
0,2164,0,4,0,12,16,3,7,75,42300,42300.0,-0.23921748361360473
0,2171,1,0,0,22,4,5,2,12,14000,14000.0,-0.25448509174424677
0,2187,1,6,0,9,17,3,6,27,34900,34900.0,-0.2432097203686136
0,2190,1,6,0,7,14,1,70,74,35400,35400.0,-0.24293997464192382
0,2212,1,3,1,15,17,3,8,147,35200,35200.0,-0.24304787293259975
0,2223,1,0,4,10,11,1,36,12,21600,21600.0,-0.250384956698562
0,2231,1,6,0,12,14,1,2,18,6703,6703.0,-0.2584217608795576
0,2232,1,6,1,4,18,4,19,27,47900,47900.0,-0.2361963314746791
0,2233,0,4,0,10,16,2,17,16,39700,39700.0,-0.24062016139239165
0,2243,0,12,0,9,15,7,42,36,396700,396700.0,-0.04802171253588228
0,2247,1,9,0,15,16,5,1,60,42000,42000.0,-0.23937933104961862
0,2264,1,3,0,12,17,1,48,60,81800,81800.0,-0.2179075712051114
0,2266,1,4,0,7,17,4,12,25,41800,41800.0,-0.2394872293402945
0,2287,1,3,1,15,12,4,22,63,28700,28700.0,-0.246554567379567
0,2308,0,7,0,34,18,2,74,97,31000,31000.0,-0.24531373703679396
0,2315,1,9,0,43,3,3,147,31,35700,35700.0,-0.24277812720590994
0,2322,1,4,0,9,13,2,84,45,94300,94300.0,-0.21116392803786668
0,2349,1,0,0,14,5,6,8,20,22700,22700.0,-0.24979151609984446
0,2380,1,4,0,8,14,7,106,73,57200,57200.0,-0.23117906095824903
0,2384,0,5,0,10,19,6,28,60,34300,34300.0,-0.24353341524064137
0,2395,0,6,3,29,17,1,269,38,85900,85900.0,-0.21569565624625514
0,2397,1,1,0,7,0,5,7,37,211800,211800.0,-0.14777368226576626
0,2405,1,8,0,25,9,2,15,48,96400,96400.0,-0.21003099598576958
0,2408,1,8,0,35,5,6,87,148,19400,19400.0,-0.2515718378959971
0,2409,1,9,0,14,1,5,37,76,36000,36000.0,-0.24261627976989608
0,2428,1,4,0,15,0,1,78,33,65200,65200.0,-0.2268631293312124
0,2444,1,4,0,8,20,4,8,18,45900,45900.0,-0.23727531438143826
0,2445,1,7,1,10,18,5,120,183,32600,32600.0,-0.24445055071138663
0,2462,0,7,0,15,11,5,5,18,65700,65700.0,-0.2265933836045226
0,2471,0,11,0,25,20,3,7,10,157200,157200.0,-0.17722991562029122
0,2475,0,9,0,11,4,6,11,11,92400,92400.0,-0.21218896179928787
0,2485,1,0,0,26,7,6,43,23,26100,26100.0,-0.2479572451583539
0,2488,1,2,0,15,10,2,217,39,67800,67800.0,-0.2254604515524255
0,2489,1,5,0,13,15,2,22,29,11000,11000.0,-0.2561035661043855
0,2497,1,5,0,14,12,2,27,28,45500,45500.0,-0.23749111096279008
0,2501,1,7,0,11,11,3,16,44,71400,71400.0,-0.22351828232025903
0,2520,1,0,0,7,17,3,7,43,30300,30300.0,-0.24569138105415966
0,2566,1,8,1,15,17,1,9,96,31800,31800.0,-0.2448821438740903
0,2584,0,7,1,15,20,2,31,150,51000,51000.0,-0.23452390796920242
0,2598,1,5,0,11,0,5,8,66,50300,50300.0,-0.23490155198656812
0,2685,1,13,0,15,16,5,116,48,67100,67100.0,-0.2258380955697912
0,2698,1,3,0,15,1,3,134,185,48600,48600.0,-0.23581868745731338
0,2704,1,3,0,15,5,3,25,48,35000,35000.0,-0.24315577122327567
0,2746,1,0,1,59,3,6,8,58,24900,24900.0,-0.2486046349024094
0,2766,1,7,0,8,16,5,4,69,45700,45700.0,-0.23738321267211418
0,2802,0,7,0,14,15,4,24,50,58900,58900.0,-0.23026192548750374
0,2809,0,1,0,13,23,2,46,20,37700,37700.0,-0.2416991442991508
0,2883,0,10,0,30,15,1,250,73,95400,95400.0,-0.21057048743914913
0,2906,1,6,0,15,12,3,82,49,436400,436400.0,-0.026603901836713028
0,2914,0,4,0,10,12,4,165,19,23300,23300.0,-0.24946782122781672
0,2925,1,10,0,15,17,6,22,120,51300,51300.0,-0.23436206053318853
0,2932,1,9,0,23,13,1,439,91,40800,40800.0,-0.2400267207936741
0,2940,1,1,0,13,20,6,20,52,47700,47700.0,-0.236304229765355
0,2961,1,4,0,13,12,6,17,38,83200,83200.0,-0.21715228317038
0,2973,1,14,0,6,15,2,130,118,44400,44400.0,-0.23808455156150762
0,2992,0,0,0,17,19,4,0,27,61300,61300.0,-0.22896714599939275
0,3055,1,3,0,21,1,7,8,54,88300,88300.0,-0.21440087675814415
0,3066,1,0,0,10,11,4,60,171,47400,47400.0,-0.2364660772013689
0,3067,1,6,1,50,17,2,97,78,26600,26600.0,-0.2476874994316641
0,3077,1,4,0,15,19,7,8,42,40900,40900.0,-0.23997277164833614
0,3080,1,3,0,15,12,2,27,32,39900,39900.0,-0.24051226310171572
0,3090,1,16,0,15,13,4,20,89,36300,36300.0,-0.2424544323338822
0,3118,1,5,0,30,14,6,41,406,31100,31100.0,-0.245259787891456
0,3119,1,6,0,8,14,3,11,9,60900,60900.0,-0.2291829425807446
0,3123,0,1,1,18,19,3,48,150,128500,128500.0,-0.1927133203322851
0,3139,1,6,1,57,14,5,49,135,23400,23400.0,-0.24941387208247875
0,3142,1,13,0,9,18,4,11,160,36900,36900.0,-0.24213073746185446
0,3161,0,6,0,26,15,4,342,81,39700,39700.0,-0.24062016139239165
0,3181,1,6,1,15,0,3,3,16,33700,33700.0,-0.2438571101126691
0,3186,0,9,0,15,10,2,14,24,91300,91300.0,-0.21278240239800542
0,3200,0,0,0,15,18,5,27,36,71000,71000.0,-0.22373407890161084
0,3205,1,0,0,10,5,4,41,60,45000,45000.0,-0.23776085668947988
0,3218,0,4,0,14,16,4,47,172,52700,52700.0,-0.23360677249845713
0,3230,0,5,0,20,13,6,46,114,41900,41900.0,-0.23943328019495658
0,3257,1,6,2,13,17,4,96,13,65300,65300.0,-0.22680918018587445
0,3260,0,11,0,52,2,6,66,31,36600,36600.0,-0.24229258489786834
0,3275,1,3,0,8,13,4,338,159,65900,65900.0,-0.22648548531384669
0,3307,1,2,0,15,17,1,25,78,47200,47200.0,-0.2365739754920448
0,3324,1,7,1,36,16,4,28,115,49100,49100.0,-0.2355489417306236
0,3329,1,3,0,8,4,1,12,36,105700,105700.0,-0.2050137254693395
0,3337,1,0,0,14,7,1,56,48,81700,81700.0,-0.21796152035044936
0,3347,1,5,0,10,11,7,873,0,55100,55100.0,-0.23231199301034614
0,3355,1,0,0,10,7,2,47,28,43500,43500.0,-0.23857009386954925
0,3372,1,9,0,17,21,5,23,56,226700,226700.0,-0.13973525961041056
0,3373,1,2,0,15,23,5,27,121,38500,38500.0,-0.24126755113644713
0,3376,1,7,2,10,8,2,9,13,52400,52400.0,-0.23376861993447098
0,3380,0,10,0,25,12,7,55,103,24000,24000.0,-0.249090177210451
0,3386,0,17,0,29,16,5,1,36,60300,60300.0,-0.22950663745277233
0,3402,0,11,0,12,18,1,14,26,38100,38100.0,-0.24148334771779897
0,3412,1,2,0,29,19,4,56,128,35500,35500.0,-0.24288602549658586
0,3412,1,6,0,6,15,1,145,36,41200,41200.0,-0.23981092421232228
0,3414,1,0,0,18,16,4,66,38,33700,33700.0,-0.2438571101126691
0,3434,0,5,0,13,21,4,39,82,33800,33800.0,-0.24380316096733115
0,3435,1,8,1,16,10,1,246,30,71700,71700.0,-0.22335643488424514
0,3440,1,12,0,33,18,7,26,7,47100,47100.0,-0.23662792463738275
0,3450,1,0,0,10,11,3,3,14,29200,29200.0,-0.2462848216528772
0,3504,0,9,0,51,3,2,131,122,51200,51200.0,-0.2344160096785265
0,3542,1,3,0,8,13,3,41,39,51800,51800.0,-0.23409231480649875
0,3564,0,1,3,10,19,4,18,71,28300,28300.0,-0.24677036396091884
0,3573,1,4,1,10,20,5,7,91,25500,25500.0,-0.24828094003038165
0,3576,1,4,0,5,1,4,26,40,32800,32800.0,-0.24434265242071074
0,3603,0,0,0,15,7,4,38,68,86800,86800.0,-0.21521011393821352
0,3644,0,6,0,10,13,2,7,19,47700,47700.0,-0.236304229765355
0,3657,1,4,0,6,12,3,54,14,58200,58200.0,-0.23063956950486944
0,3697,1,8,0,17,13,7,41,37,92000,92000.0,-0.2124047583806397
0,3710,0,0,0,15,14,4,50,68,44800,44800.0,-0.23786875498015578
0,3716,1,0,0,23,6,7,32,47,124400,124400.0,-0.1949252352911414
0,3719,1,2,0,15,14,6,40,80,45500,45500.0,-0.23749111096279008
0,3725,1,10,0,8,15,2,13,26,32000,32000.0,-0.2447742455834144
0,3755,1,7,0,15,14,1,6,55,33500,33500.0,-0.24396500840334504
0,3808,1,3,0,11,20,4,212,183,53000,53000.0,-0.23344492506244324
0,3810,0,2,1,59,22,2,305,706,56800,56800.0,-0.23139485753960085
0,3824,1,5,0,33,17,3,53,107,51000,51000.0,-0.23452390796920242
0,3832,0,3,3,12,9,7,13,70,46000,46000.0,-0.2372213652361003
0,3836,0,2,1,22,12,4,11,404,40100,40100.0,-0.2404043648110398
0,3854,1,9,0,52,3,2,46,91,41600,41600.0,-0.23959512763097043
0,3860,1,13,0,23,17,4,669,68,71500,71500.0,-0.22346433317492106
0,3874,1,3,0,15,12,4,716,94,95800,95800.0,-0.21035469085779732
0,3903,1,0,0,15,7,7,3,65,41600,41600.0,-0.23959512763097043
0,3919,1,5,0,9,5,1,38,66,46700,46700.0,-0.2368437212187346
0,3932,1,10,1,46,3,4,13,71,66100,66100.0,-0.2263775870231708
0,3965,0,12,0,15,5,6,13,75,26200,26200.0,-0.24790329601301594
0,3997,1,10,0,13,12,4,2,23,34700,34700.0,-0.24331761865928953
0,4012,1,9,0,14,16,2,24,93,316800,316800.0,-0.09112707966091056
0,4024,0,9,0,8,19,2,20,108,25200,25200.0,-0.24844278746639553
0,4029,1,0,0,24,20,7,0,95,44000,44000.0,-0.23830034814285944
0,4045,1,1,2,11,13,1,377,224,84100,84100.0,-0.21666674086233836
0,4053,0,5,0,13,0,4,56,88,67000,67000.0,-0.22589204471512916
0,4053,1,0,0,14,8,2,78,60,32000,32000.0,-0.2447742455834144
0,4074,1,12,0,13,21,2,23,78,37500,37500.0,-0.24180704258982672
0,4075,0,7,0,30,16,3,9,22,358500,358500.0,-0.06863028605498216
0,4124,1,4,0,15,1,6,130,62,69900,69900.0,-0.2243275195003284
0,4141,0,4,0,13,0,4,132,140,42000,42000.0,-0.23937933104961862
0,4147,1,2,0,11,17,2,567,1756,18000,18000.0,-0.2523271259307285
0,4165,1,3,0,8,14,7,59,134,70800,70800.0,-0.22384197719228677
0,4171,1,7,0,15,13,5,35,31,28700,28700.0,-0.246554567379567
0,4193,1,9,0,8,11,6,12,13,127200,127200.0,-0.19341465922167855
0,4194,1,0,0,11,19,5,29,73,215600,215600.0,-0.14572361474292386
0,4208,0,7,0,15,19,2,142,244,101800,101800.0,-0.20711774213751985
0,4218,1,3,3,13,7,5,39,90,47400,47400.0,-0.2364660772013689
0,4220,1,5,0,21,9,6,29,44,38400,38400.0,-0.2413215002817851
0,4221,1,5,0,10,9,3,78,77,37500,37500.0,-0.24180704258982672
0,4239,1,12,0,59,17,3,829,206,80500,80500.0,-0.21860891009450487
0,4262,1,15,0,10,15,2,14,354,30100,30100.0,-0.2457992793448356
0,4271,0,6,0,8,4,5,389,17,86100,86100.0,-0.21558775795557922
0,4286,0,6,0,8,1,5,9,67,52300,52300.0,-0.23382256907980895
0,4304,0,8,0,29,3,5,208,47,49300,49300.0,-0.23544104343994768
0,4310,1,5,1,42,23,4,190,200,54500,54500.0,-0.23263568788237388
0,4326,1,1,0,9,15,6,201,354,81200,81200.0,-0.21823126607713916
0,4328,1,6,0,11,15,3,3,49,34500,34500.0,-0.24342551694996545
0,4386,0,1,0,10,19,3,94,68,114000,114000.0,-0.200535946406289
0,4411,1,0,0,14,23,3,34,35,72500,72500.0,-0.22292484172154148
0,4435,0,9,1,9,0,1,21,64,27800,27800.0,-0.24704010968760862
0,4436,1,4,0,9,11,3,37,98,50600,50600.0,-0.23473970455055423
0,4449,0,9,0,15,11,1,29,201,120600,120600.0,-0.1969753028139838
0,4568,0,5,1,7,11,6,21,91,82700,82700.0,-0.21742202889706977
0,4593,1,4,0,13,14,5,17,93,40200,40200.0,-0.24035041566570184
0,4597,0,17,0,59,11,7,286,207,64200,64200.0,-0.22740262078459197
0,4620,1,5,0,59,15,3,139,14,52100,52100.0,-0.23393046737048487
0,4625,1,5,1,15,15,2,18,131,51500,51500.0,-0.2342541622425126
0,4634,1,6,0,15,8,3,63,1,92000,92000.0,-0.2124047583806397
0,4662,1,0,0,7,19,4,80,64,59400,59400.0,-0.22999217976081396
0,4673,1,3,0,8,14,7,82,12,246700,246700.0,-0.12894543054281898
0,4703,0,11,1,12,15,3,14,36,89600,89600.0,-0.2136995378687507
0,4710,1,7,0,9,13,4,38,52,40200,40200.0,-0.24035041566570184
0,4734,1,14,0,22,16,7,55,306,55100,55100.0,-0.23231199301034614
0,4736,1,14,0,45,21,7,17,392,45200,45200.0,-0.23765295839880396
0,4739,1,2,1,12,14,7,13,56,116600,116600.0,-0.19913326862750208
0,4751,1,4,0,13,16,1,29,32,58600,58600.0,-0.23042377292351762
0,4774,0,3,0,9,17,5,87,255,113400,113400.0,-0.20085964127831674
0,4775,1,12,0,31,16,5,80,265,69400,69400.0,-0.22459726522701817
0,4778,1,0,1,16,6,4,20,209,41700,41700.0,-0.23954117848563247
0,4823,1,4,1,7,2,7,74,39,122000,122000.0,-0.19622001477925236
0,4851,1,9,0,23,11,3,61,22,148200,148200.0,-0.18208533870070742
0,4851,1,10,0,17,1,4,25,122,71400,71400.0,-0.22351828232025903
0,4854,1,10,0,30,22,1,13,35,50000,50000.0,-0.23506339942258198
0,4896,1,1,0,9,11,2,198,257,43700,43700.0,-0.23846219557887333
0,4909,1,0,1,58,15,5,8,886,59000,59000.0,-0.23020797634216578
0,4911,1,5,1,12,18,3,38,29,74400,74400.0,-0.2218998079601203
0,4929,1,1,0,8,18,1,29,505,80400,80400.0,-0.2186628592398428
0,4937,0,5,0,15,16,4,410,25,95000,95000.0,-0.21078628402050098
0,4945,0,0,0,46,19,7,22,14,60800,60800.0,-0.22923689172608255
0,4947,1,10,0,15,2,6,19,110,68200,68200.0,-0.22524465497107365
0,4967,1,4,0,9,18,2,101,46,47200,47200.0,-0.2365739754920448
0,5013,0,5,2,10,16,5,18,51,47000,47000.0,-0.2366818737827207
0,5021,1,1,0,9,18,3,29,549,62000,62000.0,-0.22858950198202704
0,5023,1,4,0,16,1,7,21,75,79600,79600.0,-0.21909445240254646
0,5046,0,1,0,13,15,4,40,59,45400,45400.0,-0.23754506010812804
0,5047,0,3,0,9,18,2,44,61,107600,107600.0,-0.20398869170791828
0,5057,1,1,0,13,21,4,388,155,52300,52300.0,-0.23382256907980895
0,5124,1,11,0,21,12,5,953,69,75800,75800.0,-0.22114451992538886
0,5134,1,6,0,15,12,3,21,12,70600,70600.0,-0.2239498754829627
0,5161,1,6,0,25,14,5,102,51,58300,58300.0,-0.23058562035953148
0,5186,1,4,1,17,9,1,5,20,65200,65200.0,-0.2268631293312124
0,5207,0,8,0,53,21,7,152,455,84100,84100.0,-0.21666674086233836
0,5209,1,9,0,8,15,4,33,169,115600,115600.0,-0.19967276008088167
0,5246,1,7,0,17,10,3,265,30,52800,52800.0,-0.23355282335311917
0,5320,1,7,0,9,14,7,23,50,47400,47400.0,-0.2364660772013689
0,5325,1,2,0,13,2,5,91,58,45900,45900.0,-0.23727531438143826
0,5328,1,6,1,58,22,6,56,106,53800,53800.0,-0.23301333189973958
0,5398,1,13,0,14,12,1,95,40,72500,72500.0,-0.22292484172154148
0,5415,1,11,0,12,22,1,10,269,82200,82200.0,-0.21769177462375958
0,5449,0,1,1,37,2,1,19,131,63700,63700.0,-0.22767236651128175
0,5473,1,7,1,7,16,7,24,41,346100,346100.0,-0.07531998007688892
0,5479,1,6,0,15,15,6,131,95,79000,79000.0,-0.21941814727457423
0,5480,1,5,0,14,22,4,22,26,44700,44700.0,-0.23792270412549374
0,5483,1,11,0,14,16,1,206,100,236000,236000.0,-0.13471798909398047
0,5494,1,7,0,14,19,3,20,213,119700,119700.0,-0.19746084512202539
0,5500,1,1,0,15,0,4,112,106,119600,119600.0,-0.19751479426736335
0,5508,1,4,1,43,8,3,81,135,51700,51700.0,-0.23414626395183671
0,5534,0,1,1,12,11,2,54,38,58400,58400.0,-0.23053167121419352
0,5559,1,5,0,7,0,4,8,41,62700,62700.0,-0.22821185796466134
0,5574,0,10,1,31,17,7,268,538,117200,117200.0,-0.19880957375547434
0,5594,0,5,0,14,23,4,58,183,83500,83500.0,-0.21699043573436613
0,5606,1,0,0,9,18,1,425,30,81000,81000.0,-0.21833916436781506
0,5611,1,6,0,15,16,7,20,184,63800,63800.0,-0.22761841736594382
0,5612,0,0,1,44,23,1,991,148,139900,139900.0,-0.18656311776375792
0,5626,1,9,1,15,16,1,119,48,126400,126400.0,-0.19384625238438222
0,5688,1,8,0,58,23,4,234,88,52100,52100.0,-0.23393046737048487
0,5715,1,5,1,12,13,4,53,73,66800,66800.0,-0.22599994300580506
0,5715,1,7,0,11,7,5,70,114,54800,54800.0,-0.23247384044636002
0,5753,1,0,1,15,18,1,69,568,89100,89100.0,-0.21396928359544048
0,5791,1,7,0,11,2,5,74,511,111900,111900.0,-0.2016688784583861
0,5804,0,6,1,42,22,2,26,721,65500,65500.0,-0.22670128189519853
0,5805,1,5,0,15,12,3,33,110,47300,47300.0,-0.23652002634670685
0,5812,0,8,0,17,16,5,4,86,43500,43500.0,-0.23857009386954925
0,5814,1,2,0,13,19,5,35,390,53600,53600.0,-0.2331212301904155
0,5845,1,6,0,39,6,4,14,112,117500,117500.0,-0.19864772631946045
0,5846,1,8,0,5,8,7,67,56,45800,45800.0,-0.23732926352677622
0,5858,1,0,0,10,11,4,74,98,102600,102600.0,-0.2066861489748162
0,5858,1,11,1,7,20,2,10,81,196400,196400.0,-0.15608185064781177
0,5865,1,5,3,10,6,2,1,257,34800,34800.0,-0.24326366951395156
0,5875,1,0,0,56,22,2,274,203,59400,59400.0,-0.22999217976081396
0,5887,1,6,0,16,13,6,28,29,52700,52700.0,-0.23360677249845713
0,5898,1,12,0,17,13,4,689,31,171200,171200.0,-0.16967703527297712
0,5979,1,7,0,20,23,2,860,94,152600,152600.0,-0.17971157630583728
0,6013,0,3,0,10,17,3,57,102,27400,27400.0,-0.24725590626896043
0,6015,0,0,0,11,19,6,105,64,49600,49600.0,-0.23527919600393382
0,6025,1,9,0,10,15,3,177,217,18100,18100.0,-0.2522731767853905
0,6063,1,16,0,17,21,5,89,838,76500,76500.0,-0.22076687590802316
0,6101,1,2,1,55,17,3,20,184,73300,73300.0,-0.22249324855883781
0,6103,1,10,0,8,11,1,52,438,35800,35800.0,-0.242724178060572
0,6111,1,4,0,9,10,5,16,207,62800,62800.0,-0.22815790881932338
0,6126,1,0,0,15,8,5,10,188,74700,74700.0,-0.2217379605241064
0,6127,0,5,0,7,19,2,125,111,179000,179000.0,-0.16546900193661643
0,6130,1,7,0,15,11,5,31,111,55500,55500.0,-0.23209619642899432
0,6144,1,7,1,10,16,1,61,25,25000,25000.0,-0.24855068575707143
0,6153,1,4,1,54,15,5,8,36,61800,61800.0,-0.22869740027270297
0,6199,1,7,1,47,17,4,294,288,50700,50700.0,-0.23468575540521627
0,6217,0,4,0,33,16,5,120,228,123500,123500.0,-0.195410777599183
0,6239,0,10,0,9,23,7,53,89,106200,106200.0,-0.2047439797426497
0,6268,0,3,1,10,21,2,26,68,45700,45700.0,-0.23738321267211418
0,6270,1,6,0,21,15,6,75,226,52700,52700.0,-0.23360677249845713
0,6274,1,4,0,8,19,1,636,173,1400000,1400000.0,0.49325006263984833
0,6276,1,12,0,12,21,5,320,50,129900,129900.0,-0.1919580322975537
0,6289,0,9,0,46,18,3,51,318,61100,61100.0,-0.22907504429006867
0,6289,1,7,0,10,1,6,23,66,86900,86900.0,-0.21515616479287555
0,6319,0,11,1,21,18,5,5,91,52600,52600.0,-0.2336607216437951
0,6403,1,7,0,59,19,5,48,171,34500,34500.0,-0.24342551694996545
0,6447,1,15,0,50,16,5,719,147,81000,81000.0,-0.21833916436781506
0,6454,1,6,0,15,14,5,19,107,63200,63200.0,-0.22794211223797156
0,6529,0,12,0,13,18,3,18,30,73600,73600.0,-0.22233140112282393
0,6629,1,4,0,15,19,2,92,1166,61500,61500.0,-0.22885924770871685
0,6643,1,11,0,14,18,6,178,138,19300,19300.0,-0.25162578704133504
0,6667,1,8,1,42,11,6,3,35,60900,60900.0,-0.2291829425807446
0,6682,1,9,0,15,22,1,11,34,56100,56100.0,-0.23177250155696655
0,6691,1,10,0,15,18,3,8,112,66200,66200.0,-0.22632363787783283
0,6834,0,6,0,9,14,3,5,76,32800,32800.0,-0.24434265242071074
0,6842,1,5,1,45,0,2,107,184,43700,43700.0,-0.23846219557887333
0,6858,1,10,0,36,17,5,48,169,78500,78500.0,-0.219687893001264
0,6931,0,3,0,8,22,1,51,134,51100,51100.0,-0.23446995882386445
0,6940,1,9,0,28,15,7,238,81,136600,136600.0,-0.18834343955991054
0,6972,1,6,0,20,14,6,866,64,86200,86200.0,-0.21553380881024126
0,7001,0,9,0,20,17,4,16,35,56700,56700.0,-0.2314488066849388
0,7042,1,4,0,13,0,3,354,240,61200,61200.0,-0.2290210951447307
0,7045,1,2,0,20,11,5,88,232,46800,46800.0,-0.23678977207339663
0,7064,1,9,0,41,4,7,103,102,70600,70600.0,-0.2239498754829627
0,7070,1,10,0,40,20,2,63,222,97900,97900.0,-0.2092217588057002
0,7076,0,14,1,7,22,1,69,117,65200,65200.0,-0.2268631293312124
0,7161,1,10,0,5,22,1,6,80,161600,161600.0,-0.17485615322542108
0,7187,1,3,0,15,15,6,70,160,72100,72100.0,-0.2231406383028933
0,7191,1,7,0,11,18,5,98,181,83500,83500.0,-0.21699043573436613
0,7207,0,8,1,17,6,2,2,59,71400,71400.0,-0.22351828232025903
0,7207,1,7,0,9,21,5,262,119,54800,54800.0,-0.23247384044636002
0,7216,1,6,1,8,12,5,220,181,71600,71600.0,-0.2234103840295831
0,7222,0,6,0,15,15,4,1283,287,76400,76400.0,-0.22082082505336112
0,7226,1,10,0,17,18,4,16,96,74700,74700.0,-0.2217379605241064
0,7268,1,7,0,19,23,5,480,100,100500,100500.0,-0.2078190810269133
0,7270,0,1,0,13,10,4,28,221,26800,26800.0,-0.2475796011409882
0,7281,1,6,0,11,18,6,226,175,125200,125200.0,-0.19449364212843773
0,7320,0,11,0,17,14,6,118,424,29000,29000.0,-0.24639271994355313
0,7326,1,0,1,15,15,3,48,141,127900,127900.0,-0.19303701520431285
0,7367,0,2,2,25,16,6,598,387,133900,133900.0,-0.18980006648403538
0,7407,1,5,0,30,21,6,28,41,78100,78100.0,-0.21990368958261583
0,7418,1,5,3,25,17,7,464,108,80800,80800.0,-0.21844706265849098
0,7436,0,1,0,13,19,5,57,68,62900,62900.0,-0.22810395967398542
0,7446,1,5,0,13,8,7,30,327,48800,48800.0,-0.23571078916663749
0,7508,1,0,0,37,0,2,18,17,58500,58500.0,-0.23047772206885558
0,7575,1,2,0,13,14,4,84,93,67200,67200.0,-0.22578414642445324
0,7657,1,3,1,8,15,1,88,515,183900,183900.0,-0.16282549381505648
0,7700,0,1,0,13,23,3,171,129,52500,52500.0,-0.23371467078913305
0,7721,0,4,0,6,18,7,4,143,89900,89900.0,-0.21353769043273682
0,7742,0,3,0,18,16,6,212,92,68200,68200.0,-0.22524465497107365
0,7748,1,0,0,15,15,7,35,215,146000,146000.0,-0.1832722198981425
0,7868,1,2,0,9,20,7,175,87,130100,130100.0,-0.19185013400687778
0,7940,0,1,0,10,20,2,117,91,113300,113300.0,-0.2009135904236547
0,7961,1,6,0,41,9,2,432,77,109800,109800.0,-0.2028018105104832
0,7986,0,7,0,13,1,3,65,165,58500,58500.0,-0.23047772206885558
0,7993,0,0,0,15,16,7,289,358,50100,50100.0,-0.23500945027724401
0,7996,0,0,1,31,12,7,5,29,98700,98700.0,-0.20879016564299654
0,8013,1,4,0,6,20,2,280,98,147600,147600.0,-0.18240903357273516
0,8042,1,4,1,15,18,5,785,208,289800,289800.0,-0.10569334890215917
0,8080,1,11,1,59,16,3,142,178,90800,90800.0,-0.2130521481246952
0,8082,1,2,0,59,1,3,354,568,137200,137200.0,-0.18801974468788277
0,8093,1,5,1,34,9,1,83,65,76900,76900.0,-0.22055107932667134
0,8133,1,0,0,7,21,6,385,80,118900,118900.0,-0.19789243828472905
0,8135,1,6,0,29,2,6,35,250,58000,58000.0,-0.23074746779554536
0,8146,1,0,0,15,20,2,13,100,54900,54900.0,-0.23241989130102206
0,8161,1,5,0,13,15,2,420,131,66100,66100.0,-0.2263775870231708
0,8204,0,1,0,12,17,1,93,297,86200,86200.0,-0.21553380881024126
0,8232,1,2,0,6,21,5,74,35,212700,212700.0,-0.14728813995772463
0,8243,0,10,0,9,9,5,223,315,30500,30500.0,-0.24558348276348377
0,8283,1,11,0,21,18,3,43,119,63700,63700.0,-0.22767236651128175
0,8284,1,7,0,29,16,2,201,247,53400,53400.0,-0.23322912848109142
0,8302,1,4,0,13,12,2,119,84,78700,78700.0,-0.2195799947105881
0,8348,0,3,0,13,7,2,4447,26,634300,634300.0,0.08016145678710547
0,8501,1,10,1,13,17,3,46,60,79600,79600.0,-0.21909445240254646
0,8516,1,8,0,9,13,6,380,70,50300,50300.0,-0.23490155198656812
0,8581,1,1,0,18,21,2,182,62,117800,117800.0,-0.1984858788834466
0,8606,1,5,0,7,19,7,445,147,50900,50900.0,-0.23457785711454038
0,8639,1,3,0,9,14,3,496,459,102500,102500.0,-0.20674009812015415
0,8691,1,7,0,16,12,6,46,151,78100,78100.0,-0.21990368958261583
0,8805,1,2,0,22,7,7,198,52,115300,115300.0,-0.19983460751689555
0,8819,1,11,0,9,19,4,963,341,125200,125200.0,-0.19449364212843773
0,8831,1,4,0,14,16,1,117,238,103300,103300.0,-0.20630850495745048
0,8839,0,7,1,17,19,4,43,436,74000,74000.0,-0.2221156045414721
0,8851,1,10,0,7,3,7,115,334,88800,88800.0,-0.21413113103145437
0,8860,1,2,0,13,10,2,71,25,113800,113800.0,-0.20064384469696492
0,8960,1,8,1,55,21,5,59,562,56800,56800.0,-0.23139485753960085
0,8971,1,11,1,57,2,1,67,271,61900,61900.0,-0.228643451127365
0,8990,0,3,0,19,8,6,440,380,246400,246400.0,-0.12910727797883287
0,9007,0,6,0,7,22,7,14,107,96100,96100.0,-0.21019284342178343
0,9021,1,3,0,8,23,4,63,100,78000,78000.0,-0.2199576387279538
0,9025,1,6,0,14,17,5,1,67,67000,67000.0,-0.22589204471512916
0,9030,1,14,0,8,22,1,63,239,79200,79200.0,-0.2193102489838983
0,9048,1,12,1,6,1,4,180,52,80500,80500.0,-0.21860891009450487
0,9073,1,10,1,57,21,4,14,130,81300,81300.0,-0.2181773169318012
0,9085,1,10,1,57,17,6,22,118,61700,61700.0,-0.22875134941804093
0,9129,1,10,0,39,15,1,59,231,54500,54500.0,-0.23263568788237388
0,9136,0,8,0,18,22,5,134,43,179900,179900.0,-0.1649834596285748
0,9233,1,6,0,53,1,4,48,156,90200,90200.0,-0.21337584299672294
0,9247,1,7,0,21,15,7,27,60,99600,99600.0,-0.20830462333495492
0,9254,1,9,0,8,6,2,2,22,64700,64700.0,-0.2271328750579022
0,9280,1,6,0,6,14,3,35,53,144100,144100.0,-0.1842972536595637
0,9288,1,9,0,9,23,5,183,93,52400,52400.0,-0.23376861993447098
0,9303,1,0,0,15,12,4,9,861,49600,49600.0,-0.23527919600393382
0,9387,1,0,0,9,19,2,71,161,64800,64800.0,-0.22707892591256423
0,9403,1,9,0,15,16,6,65,1049,112100,112100.0,-0.20156098016771018
0,9469,0,10,1,10,18,3,147,304,209700,209700.0,-0.14890661431786337
0,9490,1,1,0,37,22,3,758,134,383600,383600.0,-0.05508905057515475
0,9504,1,10,1,28,2,1,11,112,78300,78300.0,-0.21979579129193993
0,9522,0,5,1,44,1,3,75,273,64000,64000.0,-0.2275105190752679
0,9570,0,4,0,42,13,7,31,83,71500,71500.0,-0.22346433317492106
0,9588,1,0,0,11,14,7,105,119,104400,104400.0,-0.20571506435873294
0,9588,1,1,1,15,23,7,77,75,136100,136100.0,-0.18861318528660032
0,9630,1,10,1,55,21,2,58,65,118700,118700.0,-0.19800033657540497
0,9773,1,1,2,15,2,4,12,105,60700,60700.0,-0.2292908408714205
0,9782,1,4,0,54,20,3,32,144,65300,65300.0,-0.22680918018587445
0,9881,1,11,0,8,18,3,77,203,86600,86600.0,-0.21531801222888944
0,9902,1,5,0,7,19,2,100,151,57000,57000.0,-0.23128695924892495
0,9950,0,1,0,13,21,4,2014,52,133100,133100.0,-0.19023165964673905
0,10000,0,11,1,54,15,4,18,112,81900,81900.0,-0.21785362205977343
0,10000,1,3,0,12,16,2,111,274,72200,72200.0,-0.22308668915755536
0,10200,0,10,0,16,22,3,55,297,95200,95200.0,-0.21067838572982506
0,10300,1,7,1,9,1,1,173,532,66900,66900.0,-0.22594599386046713
0,10400,1,3,0,30,6,1,91,747,202400,202400.0,-0.1528449019275343
0,10400,1,15,0,28,2,6,364,126,54000,54000.0,-0.23290543360906368
0,10500,1,14,0,10,21,5,605,132,49300,49300.0,-0.23544104343994768
0,10600,0,0,0,10,19,2,157,161,141500,141500.0,-0.1856999314383506
0,10600,0,1,0,13,16,7,313,195,109200,109200.0,-0.20312550538251095
0,10600,1,8,0,58,13,3,162,101,145100,145100.0,-0.18375776220618412
0,10700,1,6,0,11,16,1,104,209,90700,90700.0,-0.21310609727003316
0,10900,1,2,0,8,16,7,5,163,76500,76500.0,-0.22076687590802316
0,11000,1,1,0,13,16,1,932,40,150100,150100.0,-0.1810603049392862
0,11000,1,3,0,9,21,6,112,117,94200,94200.0,-0.21121787718320464
0,11100,1,0,0,12,15,5,20,491,143000,143000.0,-0.18489069425828122
0,11100,1,3,1,15,11,7,167,191,122000,122000.0,-0.19622001477925236
0,11100,1,5,0,7,3,1,59,145,148300,148300.0,-0.18203138955536946
0,11200,0,6,0,16,13,7,447,370,139500,139500.0,-0.18677891434510974
0,11200,1,0,0,15,10,6,57,213,124000,124000.0,-0.1951410318724932
0,11300,1,0,1,32,17,3,152,231,60700,60700.0,-0.2292908408714205
0,11300,1,7,0,8,16,2,27,127,155600,155600.0,-0.17809310194569855
0,11400,0,4,0,14,16,3,45,294,68100,68100.0,-0.22529860411641162
0,11400,1,3,0,15,16,1,14,86,69000,69000.0,-0.22481306180837
0,11500,0,8,0,21,15,7,33,212,47500,47500.0,-0.23641212805603093
0,11500,1,0,0,59,16,6,533,709,75900,75900.0,-0.22109057078005093
0,11500,1,0,1,14,22,3,34,388,101800,101800.0,-0.20711774213751985
0,11600,1,7,0,11,10,6,96,27,103600,103600.0,-0.2061466575214366
0,11700,0,6,0,41,19,4,87,77,175100,175100.0,-0.16757301860479676
0,11700,1,10,2,12,17,5,12,94,128900,128900.0,-0.19249752375093326
0,11700,1,11,0,12,18,6,830,157,73700,73700.0,-0.222277451977486
0,11800,1,4,0,9,0,6,58,476,87400,87400.0,-0.21488641906618577
0,11800,1,10,1,12,21,2,220,156,49200,49200.0,-0.23549499258528564
0,11900,1,0,0,20,12,3,15,21,134900,134900.0,-0.1892605750306558
0,11900,1,2,0,10,9,7,11,91,219700,219700.0,-0.14351169978406758
0,11900,1,3,0,15,9,1,87,52,3400000,3400000.0,1.5722329693990045
0,12000,0,0,1,15,14,3,220,64,143000,143000.0,-0.18489069425828122
0,12000,1,9,5,7,17,7,269,942,170500,170500.0,-0.17005467929034282
0,12100,0,11,1,7,22,3,168,77,95700,95700.0,-0.21040864000313528
0,12100,1,3,0,9,11,6,270,161,165800,165800.0,-0.17259028912122684
0,12100,1,6,0,15,19,4,76,119,78800,78800.0,-0.21952604556525013
0,12200,0,5,0,12,15,4,1926,195,285700,285700.0,-0.10790526386101544
0,12200,1,8,0,20,20,6,223,321,80700,80700.0,-0.21850101180382894
0,12300,0,3,0,15,12,1,173,207,169000,169000.0,-0.17086391647041219
0,12300,1,1,0,13,14,7,362,141,162900,162900.0,-0.1741548143360276
0,12300,1,8,0,18,22,1,79,249,40300,40300.0,-0.2402964665203639
0,12400,1,3,0,13,19,3,23,131,82300,82300.0,-0.21763782547842161
0,12400,1,7,0,7,16,2,127,313,62100,62100.0,-0.22853555283668908
0,12400,1,9,1,13,21,4,66,702,62400,62400.0,-0.22837370540067523
0,12600,0,8,1,30,22,1,12,33,64300,64300.0,-0.227348671639254
0,12600,1,4,0,9,20,4,74,252,42300,42300.0,-0.23921748361360473
0,12600,1,4,0,14,2,5,632,133,99500,99500.0,-0.20835857248029288
0,12600,1,6,0,14,1,3,61,215,53900,53900.0,-0.23295938275440162
0,12600,1,14,0,12,16,7,534,173,54200,54200.0,-0.23279753531838776
0,12700,0,11,0,10,18,7,142,980,297500,297500.0,-0.10153926471113642
0,12700,1,0,0,8,12,6,1222,602,181200,181200.0,-0.16428212073918136
0,12700,1,0,1,16,21,7,725,242,102100,102100.0,-0.20695589470150597
0,12800,0,5,0,10,2,5,18,285,105100,105100.0,-0.20533742034136723
0,12800,1,1,0,13,21,7,368,289,95900,95900.0,-0.21030074171245935
0,12800,1,9,0,15,11,7,287,520,172200,172200.0,-0.16913754381959756
0,12900,1,0,0,13,17,6,197,143,94900,94900.0,-0.21084023316583894
0,12900,1,8,0,30,20,5,128,75,85500,85500.0,-0.21591145282760696
0,13000,1,5,0,59,22,6,349,52,198500,198500.0,-0.15494891859571464
0,13000,1,11,1,10,17,3,21,865,248000,248000.0,-0.12824409165342554
0,13100,0,7,0,28,2,1,190,110,71000,71000.0,-0.22373407890161084
0,13100,1,0,0,8,9,3,4285,1191,311800,311800.0,-0.09382453692780846
0,13200,1,6,0,6,17,4,120,58,83100,83100.0,-0.21720623231571795
0,13300,1,0,1,34,3,2,101,569,64400,64400.0,-0.22729472249391605
0,13300,1,2,0,13,16,7,152,111,129300,129300.0,-0.19228172716958145
0,13400,1,5,0,15,2,5,781,70,123400,123400.0,-0.19546472674452095
0,13400,1,7,0,59,23,6,860,469,89500,89500.0,-0.21375348701408864
0,13500,0,1,0,59,22,3,516,168,76600,76600.0,-0.2207129267626852
0,13500,1,3,0,26,18,5,328,115,189700,189700.0,-0.15969644338545494
0,13500,1,6,1,8,0,7,49,564,143700,143700.0,-0.18451305024091552
0,13600,0,11,0,58,4,2,100,148,127500,127500.0,-0.1932528117856647
0,13600,1,12,0,14,12,1,195,94,207900,207900.0,-0.14987769893394662
0,13700,1,8,0,31,17,5,228,75,65900,65900.0,-0.22648548531384669
0,13800,0,9,0,14,21,1,302,85,201300,201300.0,-0.15343834252625183
0,13800,1,15,0,57,18,4,2114,284,252600,252600.0,-0.12576243096787948
0,14000,1,9,0,18,1,4,111,159,75100,75100.0,-0.22152216394275456
0,14100,0,5,1,21,14,3,733,182,147500,147500.0,-0.18246298271807312
0,14400,0,6,0,8,23,4,99,77,306300,306300.0,-0.09679173992139613
0,14400,0,7,0,15,16,1,769,295,246900,246900.0,-0.12883753225214306
0,14500,1,7,0,13,21,4,470,267,174400,174400.0,-0.1679506626221625
0,14600,0,1,0,13,22,4,260,232,97000,97000.0,-0.2097073011137418
0,14600,1,2,1,9,14,4,33,344,167500,167500.0,-0.17167315365048155
0,14600,1,10,1,19,2,2,82,92,114400,114400.0,-0.20032014982493715
0,14700,0,10,0,57,3,6,287,221,69100,69100.0,-0.22475911266303206
0,14700,1,8,0,23,21,7,63,143,90200,90200.0,-0.21337584299672294
0,14700,1,9,2,57,16,4,121,1112,102900,102900.0,-0.2065243015388023
0,14800,0,5,0,7,15,6,231,125,132300,132300.0,-0.1906632528094427
0,14900,1,0,0,8,19,3,50,33,53500,53500.0,-0.23317517933575346
0,15000,1,5,1,15,17,2,504,276,79500,79500.0,-0.21914840154788442
0,15000,1,6,0,11,17,5,527,50,249400,249400.0,-0.12748880361869414
0,15000,1,9,0,53,6,4,763,689,60700,60700.0,-0.2292908408714205
0,15100,1,10,1,58,23,7,60,99,139100,139100.0,-0.18699471092646158
0,15200,1,9,0,33,20,1,228,126,62300,62300.0,-0.2284276545460132
0,15400,1,4,1,5,4,1,5,26,176500,176500.0,-0.16681773057006535
0,15400,1,10,0,6,14,5,5230,372,818700,818700.0,0.17964368079029966
0,15500,1,3,0,8,13,2,370,214,494800,494800.0,0.004902399040654329
0,15700,1,5,0,24,21,4,231,465,64100,64100.0,-0.22745656992992994
0,15700,1,12,0,58,18,4,125,142,90000,90000.0,-0.21348374128739886
0,15800,0,5,0,9,1,3,1153,81,269900,269900.0,-0.11642922882441277
0,15800,1,10,0,59,2,5,172,233,163400,163400.0,-0.17388506860933783
0,15900,1,0,0,12,12,2,26,77,182800,182800.0,-0.16341893441377403
0,15900,1,3,0,15,14,3,133,176,196900,196900.0,-0.15581210492112196
0,16000,1,3,0,33,12,5,1809,139,154200,154200.0,-0.17884838998042996
0,16100,0,0,0,15,5,4,16,318,154100,154100.0,-0.17890233912576792
0,16400,1,4,0,49,21,6,25,520,95000,95000.0,-0.21078628402050098
0,16400,1,6,0,15,11,4,76,286,212500,212500.0,-0.14739603824840056
0,16600,0,4,0,5,16,3,398,76,251100,251100.0,-0.12657166814794885
0,16700,1,0,0,29,0,3,6108,724,218500,218500.0,-0.1441590895281231
0,16700,1,2,0,25,19,2,13,174,322100,322100.0,-0.0882677749579988
0,16700,1,9,0,53,19,4,539,504,94200,94200.0,-0.21121787718320464
0,16800,0,4,0,13,14,4,198,150,139300,139300.0,-0.18688681263578566
0,16800,0,11,0,8,9,6,226,121,384900,384900.0,-0.0543877116857613
0,17000,0,9,0,11,16,2,225,78,189100,189100.0,-0.16002013825748268
0,17100,1,2,0,10,21,1,84,321,345200,345200.0,-0.07580552238493055
0,17100,1,5,0,58,15,6,370,241,119000,119000.0,-0.1978384891393911
0,17200,1,12,0,11,22,3,57,80,215600,215600.0,-0.14572361474292386
0,17400,0,9,0,16,22,1,1245,236,124400,124400.0,-0.1949252352911414
0,17400,1,9,1,25,9,2,43,66,251700,251700.0,-0.1262479732759211
0,17600,1,5,1,59,16,1,12,454,99900,99900.0,-0.20814277589894103
0,17600,1,8,0,14,20,1,372,251,113600,113600.0,-0.2007517429876408
0,17800,1,5,0,28,17,6,123,281,103000,103000.0,-0.20647035239346434
0,18800,1,10,0,27,1,4,1295,219,87600,87600.0,-0.21477852077550985
0,18900,1,5,0,8,13,2,1708,740,170100,170100.0,-0.17027047587169467
0,18900,1,5,1,10,14,5,67,77,189800,189800.0,-0.15964249424011698
0,19000,0,4,0,15,21,6,152,801,194900,194900.0,-0.15689108782788114
0,19000,1,8,0,14,7,7,2245,42,173900,173900.0,-0.16822040834885227
0,19000,1,10,0,46,20,4,17,146,84200,84200.0,-0.2166127917170004
0,19600,1,2,1,10,14,6,68,142,348600,348600.0,-0.07397125144343998
0,19600,1,11,0,11,18,4,384,140,72700,72700.0,-0.22281694343086555
0,19700,1,4,0,37,17,1,204,539,83100,83100.0,-0.21720623231571795
0,19900,1,12,0,59,17,2,833,220,140500,140500.0,-0.18623942289173018
0,20000,1,6,1,58,18,1,210,466,111100,111100.0,-0.20210047162108977
0,20100,0,3,1,22,19,3,299,53,254200,254200.0,-0.12489924464247215
0,20200,1,5,0,32,15,7,543,333,87700,87700.0,-0.2147245716301719
0,20300,1,0,0,5,17,3,161,474,140300,140300.0,-0.1863473211824061
0,20300,1,9,0,59,1,7,305,625,87600,87600.0,-0.21477852077550985
0,20400,1,6,0,12,4,1,476,256,70900,70900.0,-0.2237880280469488
0,20500,0,5,0,12,17,7,58,61,69300,69300.0,-0.22465121437235613
0,20500,1,3,0,10,23,3,317,256,190200,190200.0,-0.15942669765876513
0,20500,1,8,0,8,0,1,1570,243,142300,142300.0,-0.18526833827564693
0,20500,1,9,0,10,18,6,657,527,100800,100800.0,-0.2076572335908994
0,20600,1,4,0,37,14,6,240,87,558900,558900.0,0.03948380120228528
0,20700,1,8,1,11,9,2,110,86,102400,102400.0,-0.20679404726549208
0,20800,1,11,0,15,10,3,1313,252,181200,181200.0,-0.16428212073918136
0,20900,1,6,0,11,1,4,131,230,75900,75900.0,-0.22109057078005093
0,21200,1,10,1,24,17,7,239,301,226000,226000.0,-0.14011290362777626
0,21300,1,3,0,44,19,7,213,513,72100,72100.0,-0.2231406383028933
0,21300,1,5,0,7,20,3,731,603,135100,135100.0,-0.1891526767399799
0,21600,0,2,0,10,22,3,516,376,224000,224000.0,-0.1411918865345354
0,21600,1,10,0,8,23,6,711,73,346900,346900.0,-0.07488838691418527
0,21700,1,11,0,41,9,7,1103,78,292500,292500.0,-0.10423672197803431
0,21800,1,2,0,9,21,1,457,80,267300,267300.0,-0.11783190660319967
0,22000,1,2,0,59,13,3,337,900,78100,78100.0,-0.21990368958261583
0,22100,1,10,0,59,13,3,228,179,253000,253000.0,-0.12554663438652763
0,22400,1,5,0,11,11,7,341,200,263400,263400.0,-0.11993592327138003
0,22500,1,4,0,14,17,6,168,354,99900,99900.0,-0.20814277589894103
0,22500,1,7,0,16,21,1,1396,262,196100,196100.0,-0.15624369808382563
0,22800,1,4,0,14,11,7,800,297,153100,153100.0,-0.17944183057914748
0,23000,1,1,0,13,18,6,224,186,66600,66600.0,-0.22610784129648098
0,23000,1,11,1,57,5,4,206,103,136600,136600.0,-0.18834343955991054
0,23200,0,11,0,20,3,5,3008,102,462600,462600.0,-0.012469225758168084
0,23200,1,5,1,16,14,2,51,2104,194200,194200.0,-0.15726873184524684
0,23400,1,3,0,15,0,3,2960,331,495800,495800.0,0.005441890494033906
0,23500,1,0,0,59,1,3,1146,1238,192700,192700.0,-0.1580779690253162
0,23700,1,3,1,10,11,3,452,155,183300,183300.0,-0.16314918868708422
0,23900,0,8,0,13,5,2,887,171,105700,105700.0,-0.2050137254693395
0,23900,1,8,0,8,14,2,505,181,346500,346500.0,-0.07510418349553709
0,24000,0,6,0,11,3,7,481,134,188500,188500.0,-0.16034383312951042
0,24000,1,4,1,59,21,2,240,264,70100,70100.0,-0.22421962120965247
0,24200,0,4,1,9,18,2,294,428,151900,151900.0,-0.180089220323203
0,24300,1,6,0,15,15,1,1508,97,331900,331900.0,-0.08298075871487894
0,24500,0,2,0,14,23,5,454,231,199900,199900.0,-0.15419363056098323
0,24700,1,6,0,34,3,7,1133,640,55300,55300.0,-0.2322040947196702
0,25000,1,9,0,32,21,6,1257,659,99400,99400.0,-0.20841252162563084
0,25100,1,11,0,9,2,4,148,319,184200,184200.0,-0.1626636463790426
0,25200,1,2,0,15,11,7,973,569,261000,261000.0,-0.12123070275949102
0,25200,1,11,0,15,5,5,194,984,439700,439700.0,-0.02482358004056042
0,25700,0,6,0,9,20,7,518,414,197200,197200.0,-0.1556502574851081
0,25800,0,10,1,12,23,1,23,217,197700,197700.0,-0.1553805117584183
0,25900,0,15,0,59,15,7,2267,579,620300,620300.0,0.07260857643979138
0,26000,0,3,0,11,17,5,133,448,252600,252600.0,-0.12576243096787948
0,26200,1,3,1,17,22,3,114,469,166600,166600.0,-0.17215869595852318
0,26300,1,7,1,15,19,7,30,315,173100,173100.0,-0.16865200151155593
0,26400,1,13,0,22,10,7,2421,977,352200,352200.0,-0.0720290822112735
0,26600,1,3,0,13,15,3,3392,668,449300,449300.0,-0.019644462088116474
0,26700,1,11,0,26,14,5,340,356,188400,188400.0,-0.16039778227484838
0,26900,1,10,0,23,18,7,112,478,90300,90300.0,-0.213321893851385
0,27400,1,7,0,15,18,6,156,475,75300,75300.0,-0.22141426565207867
0,27700,1,2,0,8,15,1,142,517,351500,351500.0,-0.07240672622863921
0,27700,1,4,0,11,19,3,30,236,228100,228100.0,-0.13897997157567912
0,27900,1,3,1,33,15,4,934,535,245100,245100.0,-0.1298086168682263
0,28000,0,9,0,19,0,4,643,378,254300,254300.0,-0.12484529549713419
0,28000,1,7,0,9,12,3,4533,668,2500000,2500000.0,1.0866906613573841
0,28100,1,4,0,15,0,4,206,488,178400,178400.0,-0.16579269680864417
0,28400,1,6,0,13,22,1,144,117,690100,690100.0,0.11026507988568592
0,28500,1,4,0,30,19,3,1642,363,346100,346100.0,-0.07531998007688892
0,28800,0,8,0,15,19,3,283,181,337000,337000.0,-0.08022935230264308
0,29000,1,0,0,10,16,2,194,436,291100,291100.0,-0.10499201001276572
0,29200,1,10,0,43,23,3,78,656,197300,197300.0,-0.15559630833977015
0,29500,1,6,0,58,18,4,2232,841,190100,190100.0,-0.1594806468041031
0,29700,1,13,0,19,19,5,13,226,326400,326400.0,-0.08594796170846661
0,29900,0,2,0,14,15,5,107,462,394000,394000.0,-0.04947833946000714
0,29900,1,0,0,30,10,7,1811,278,441300,441300.0,-0.023960393715153096
0,30000,1,5,0,18,10,5,4415,780,395100,395100.0,-0.048884898861289605
0,30200,0,7,2,13,18,6,20,79,139400,139400.0,-0.1868328634904477
0,30400,0,5,0,9,11,3,32,60,201400,201400.0,-0.15338439338091386
0,30500,1,6,0,8,1,7,697,444,143000,143000.0,-0.18489069425828122
0,30600,1,2,0,6,0,7,1500,248,360000,360000.0,-0.06782104887491279
0,30700,1,10,0,18,13,5,1059,827,161200,161200.0,-0.1750719498067729
0,31100,1,5,0,59,14,6,1313,880,294700,294700.0,-0.10304984078059924
0,31100,1,8,0,51,12,3,305,833,163100,163100.0,-0.17404691604535172
0,31200,1,11,0,20,14,1,79,170,223500,223500.0,-0.14146163226122518
0,31900,1,6,1,10,2,5,45900,518,2800000,2800000.0,1.2485380973712576
0,32000,1,4,0,14,23,1,127,1600,161400,161400.0,-0.17496405151609698
0,32100,1,7,1,31,1,2,43,301,393800,393800.0,-0.049586237750683056
0,32200,1,17,1,53,4,2,215,2186,123900,123900.0,-0.19519498101783117
0,32500,1,3,0,55,12,7,900,730,198300,198300.0,-0.15505681688639056
0,33000,0,11,0,33,11,4,80,156,327900,327900.0,-0.08513872452839724
0,33000,1,5,0,13,17,7,115,226,126000,126000.0,-0.19406204896573406
0,33400,1,8,0,8,13,4,594,173,143700,143700.0,-0.18451305024091552
0,33800,1,7,1,15,17,6,3606,473,429100,429100.0,-0.030542189446383948
0,34100,1,11,0,33,23,2,245,204,155500,155500.0,-0.1781470510910365
0,34300,1,7,0,17,3,2,168,183,346600,346600.0,-0.07505023435019914
0,34700,1,1,0,13,10,1,717,348,146100,146100.0,-0.18321827075280453
0,35400,0,8,0,17,21,4,2315,1152,224900,224900.0,-0.14070634422649378
0,35600,1,6,0,24,16,3,1247,419,360800,360800.0,-0.06738945571220913
0,36100,0,0,1,9,16,2,383,1108,762500,762500.0,0.14932426111036737
0,36300,1,10,1,59,16,1,36,1099,260800,260800.0,-0.12133860105016693
0,36400,1,0,0,20,8,7,518,370,1700000,1700000.0,0.6550974986537218
0,36500,1,6,0,13,19,6,15000,315,865000,865000.0,0.20462213508177413
0,36700,0,4,0,12,17,3,489,7568,547700,547700.0,0.03344149692443401
0,37000,1,6,0,18,14,2,1008,67,530900,530900.0,0.024378040507657097
0,37100,1,2,1,17,22,1,459,533,723100,723100.0,0.128068297847212
0,37200,1,8,0,20,18,5,2227,1280,262600,262600.0,-0.1203675164340837
0,37900,1,10,1,10,21,4,4128,268,805900,805900.0,0.17273819018704106
0,38200,1,0,1,48,19,1,139,525,317500,317500.0,-0.09074943564354486
0,38700,1,12,0,13,18,5,915,408,202200,202200.0,-0.1529528002182102
0,39000,1,6,0,12,8,5,976,200,1300000,1300000.0,0.4393009173018905
0,39200,1,13,0,42,18,4,103,250,230700,230700.0,-0.13757729379689224
0,40400,0,1,0,21,22,2,984,763,551800,551800.0,0.03565341188329028
0,40600,1,9,1,11,17,7,2214,696,605800,605800.0,0.06478595036578749
0,40900,1,5,1,10,7,3,450,417,309300,309300.0,-0.0951732655612574
0,41200,0,2,0,21,16,7,473,790,423900,423900.0,-0.03334754500395776
0,41500,1,0,0,10,16,2,86,368,382100,382100.0,-0.05589828775522412
0,41900,0,5,0,24,17,7,5077,152,684000,684000.0,0.10697418202007049
0,42600,1,6,0,11,8,2,162,742,132800,132800.0,-0.19039350708275293
0,43400,1,17,0,23,0,5,539,702,152400,152400.0,-0.1798194745965132
0,44200,1,0,1,11,16,7,257,416,419500,419500.0,-0.035721307398827895
0,45900,0,10,0,35,14,4,1799,713,170700,170700.0,-0.16994678099966692
0,46500,0,8,1,28,22,4,243,902,270600,270600.0,-0.11605158480704707
0,46500,1,4,0,58,12,5,2044,124,427300,427300.0,-0.03151327406246719
0,46500,1,8,0,13,1,1,1878,1035,125400,125400.0,-0.1943857438377618
0,46900,1,4,1,14,16,2,812,489,488800,488800.0,0.0016654503203768602
0,47300,1,2,0,15,2,5,486,528,1100000,1100000.0,0.3314026266259749
0,48100,1,5,1,12,1,1,388,460,511200,511200.0,0.013750058876079408
0,48300,1,9,1,56,15,1,559,1252,747400,747400.0,0.14117794016433574
0,48700,1,12,0,19,18,6,179,970,154600,154600.0,-0.1786325933990781
0,49400,1,4,0,7,17,2,37,123,376400,376400.0,-0.05897338903948771
0,50500,0,11,0,15,18,5,457,578,198500,198500.0,-0.15494891859571464
0,50900,1,4,0,11,21,5,1968,300,914000,914000.0,0.23105721629737344
0,51000,1,0,0,8,20,6,3902,522,1800000,1800000.0,0.7090466439916796
0,51700,1,0,0,29,7,5,57,588,232200,232200.0,-0.13676805661682287
0,54200,1,3,0,26,14,7,97,351,659700,659700.0,0.09386453970294675
0,55700,1,0,1,11,1,3,1817,936,838100,838100.0,0.19010981498586346
0,57000,1,7,0,6,18,5,115,490,236000,236000.0,-0.13471798909398047
0,57300,1,8,0,13,15,7,208,336,1200000,1200000.0,0.3853517719639327
0,58000,1,11,0,13,20,1,1417,725,186800,186800.0,-0.1612609686002557
0,58900,0,6,1,14,17,3,235,874,309000,309000.0,-0.09533511299727127
0,61600,1,8,0,15,0,4,1348,972,345000,345000.0,-0.07591342067560647
0,62200,1,8,0,30,14,3,352,3735,493900,493900.0,0.004416856732612709
0,63100,1,0,1,45,18,4,96,352,525900,525900.0,0.021680583240759204
0,63600,1,9,0,12,23,2,1446,2702,222000,222000.0,-0.14227086944129455
0,64500,1,0,0,15,18,6,2497,947,547700,547700.0,0.03344149692443401
0,67200,1,2,0,20,12,7,535,739,1000000,1000000.0,0.27745348128801717
0,67300,0,0,1,26,18,7,1972,1578,430100,430100.0,-0.03000269799300437
0,67300,1,2,0,13,19,1,387,424,1700000,1700000.0,0.6550974986537218
0,67400,1,5,0,18,22,4,2619,1687,349800,349800.0,-0.07332386169938448
0,68100,0,1,1,15,20,3,857,1342,1200000,1200000.0,0.3853517719639327
0,69200,0,9,0,11,23,4,1486,373,1900000,1900000.0,0.7629957893296374
0,70100,1,0,2,15,22,6,729,490,582400,582400.0,0.05216185035670536
0,71000,0,3,0,15,0,3,724,256,675400,675400.0,0.10233455552100612
0,71800,1,8,0,12,22,6,1179,1179,339100,339100.0,-0.07909642025054597
0,73300,1,7,0,16,16,7,313,583,1200000,1200000.0,0.3853517719639327
0,73300,1,16,0,9,18,3,747,772,295700,295700.0,-0.10251034932721965
0,74300,1,5,0,10,15,7,610,1440,622700,622700.0,0.07390335592790236
0,74300,1,6,0,12,14,4,844,1613,684200,684200.0,0.10708208031074641
0,74700,1,3,0,14,13,4,1666,183,748900,748900.0,0.1419871773444051
0,74700,1,5,0,19,7,5,533,5659,254800,254800.0,-0.1245755497704444
0,76600,1,6,0,47,21,4,2596,3254,974900,974900.0,0.2639122458081897
0,79900,1,9,0,52,1,1,2305,1941,301200,301200.0,-0.09954314633363198
0,82200,1,5,0,21,7,5,10500,511,1500000,1500000.0,0.5471992079778062
0,83700,1,4,0,17,15,7,1890,1501,1200000,1200000.0,0.3853517719639327
0,84500,1,2,0,59,0,3,2179,988,694100,694100.0,0.11242304569920424
0,84500,1,3,0,30,23,3,799,293,369700,369700.0,-0.06258798177713089
0,86000,0,0,0,8,18,3,308,421,776800,776800.0,0.15703898889369533
0,86000,1,9,0,11,15,5,1583,2875,590600,590600.0,0.056585680274417904
0,86200,0,9,0,27,5,6,3311,1083,434600,434600.0,-0.02757498645279627
0,86900,0,6,0,10,17,5,6076,694,654200,654200.0,0.09089733670935907
0,88900,1,0,0,16,13,7,127,338,598200,598200.0,0.0606858153201027
0,89100,0,10,1,15,14,7,124,678,2100000,2100000.0,0.870894080005553
0,90600,1,0,0,10,20,5,286,843,623000,623000.0,0.07406520336391623
0,90600,1,8,0,15,14,2,5724,1472,1100000,1100000.0,0.3314026266259749
0,98100,1,7,0,8,5,3,3214,153,3400000,3400000.0,1.5722329693990045
0,102000,0,13,0,13,0,6,6645,644,1100000,1100000.0,0.3314026266259749
0,102300,1,3,0,5,1,5,2086,329,1300000,1300000.0,0.4393009173018905
0,102500,0,6,1,54,14,1,1634,1243,1200000,1200000.0,0.3853517719639327
0,102800,1,2,1,9,20,2,6206,745,889700,889700.0,0.2179475739802497
0,103000,1,1,0,13,14,4,607,0,791000,791000.0,0.16469976753168533
0,103900,1,12,0,26,21,3,1548,758,351700,351700.0,-0.07229882793796329
0,104300,0,7,0,16,12,3,619,734,2600000,2600000.0,1.140639806695342
0,104700,0,5,0,22,11,1,2421,709,1900000,1900000.0,0.7629957893296374
0,106700,1,2,0,12,2,6,1901,973,1400000,1400000.0,0.49325006263984833
0,109700,1,10,2,21,23,5,3746,813,888300,888300.0,0.2171922859455183
0,112600,1,7,0,16,13,3,1017,1179,540800,540800.0,0.029719005896114918
0,112800,1,2,1,15,16,3,439,751,734700,734700.0,0.1343263987064151
0,114600,0,11,0,15,5,5,2564,5892,478400,478400.0,-0.003945260794770752
0,116200,0,6,0,10,9,2,3338,4367,1600000,1600000.0,0.601148353315764
0,116400,0,0,0,20,1,1,9077,713,3500000,3500000.0,1.6261821147369622
0,125000,1,0,1,29,15,4,1107,1164,1500000,1500000.0,0.5471992079778062
0,127000,1,7,0,21,17,6,5722,1887,3900000,3900000.0,1.8419786960887934
0,129200,0,8,1,9,13,1,6902,2629,340500,340500.0,-0.07834113221581457
0,132900,1,5,0,19,3,3,837,2937,611100,611100.0,0.06764525506869926
0,135700,1,8,0,14,9,4,11500,4146,1100000,1100000.0,0.3314026266259749
0,136200,1,0,0,23,23,3,1284,934,1100000,1100000.0,0.3314026266259749
0,150700,1,4,0,15,11,2,847,1133,1100000,1100000.0,0.3314026266259749
0,153600,0,6,0,21,17,6,1975,1473,1500000,1500000.0,0.5471992079778062
0,161200,0,2,0,15,10,6,55500,0,3600000,3600000.0,1.68013126007492
0,161500,1,0,1,16,14,7,2900,1640,1500000,1500000.0,0.5471992079778062
0,171700,1,0,1,5,22,6,11600,3770,2000000,2000000.0,0.8169449346675952
0,179100,1,3,1,52,21,3,1013,394,607700,607700.0,0.06581098412720869
0,179600,1,1,1,16,22,3,5317,6389,1100000,1100000.0,0.3314026266259749
0,190100,1,0,1,15,15,6,13200,2361,1600000,1600000.0,0.601148353315764
0,214700,0,3,0,20,17,3,1703,2694,1200000,1200000.0,0.3853517719639327
0,218600,1,13,0,13,19,5,1197,2397,1900000,1900000.0,0.7629957893296374
0,229800,0,1,0,18,14,5,10900,5260,2400000,2400000.0,1.0327415160194264
0,243400,1,4,0,25,14,4,2386,739,3100000,3100000.0,1.410385533385131
0,244200,1,0,0,14,13,6,362,829,1200000,1200000.0,0.3853517719639327
0,249800,0,2,0,15,17,7,60800,11100,4600000,4600000.0,2.219622713454498
0,258200,1,6,0,8,5,6,5762,3030,1300000,1300000.0,0.4393009173018905
0,305300,1,2,0,22,3,1,1688,1777,3600000,3600000.0,1.68013126007492
0,305300,1,10,0,19,19,3,34100,3502,3300000,3300000.0,1.5182838240610466
0,309900,1,9,0,36,20,6,4888,2003,1500000,1500000.0,0.5471992079778062
0,311800,1,7,1,7,2,6,21300,1344,2200000,2200000.0,0.9248432253435108
0,330000,1,9,0,11,20,1,3712,3767,1100000,1100000.0,0.3314026266259749
0,340300,1,0,0,24,8,2,1299,864,4400000,4400000.0,2.1117244227785825
0,343000,0,3,0,29,23,7,2846,2732,2800000,2800000.0,1.2485380973712576
0,360100,1,1,0,8,7,3,4682,1225,4200000,4200000.0,2.0038261321026667
0,365600,0,0,0,10,11,5,2491,2765,5100000,5100000.0,2.489368440144287
0,395200,1,6,0,8,23,6,21400,1890,2900000,2900000.0,1.3024872427092153
0,426100,1,12,0,23,18,7,6805,5574,1500000,1500000.0,0.5471992079778062
0,426700,1,10,0,15,18,3,16100,4368,5500000,5500000.0,2.7051650214961183
0,692300,1,15,1,59,15,5,48200,10700,3500000,3500000.0,1.6261821147369622
0,846100,0,6,1,9,18,6,18300,7471,5400000,5400000.0,2.6512158761581603
1,779,1,0,0,59,13,3,44,11,25800,25800.0,-0.24811909259436776
1,3169,1,6,0,10,10,4,9,42,37900,37900.0,-0.24159124600847487
1,5624,1,11,1,15,14,2,15,250,166500,166500.0,-0.17221264510386114
1,6729,1,3,0,11,14,1,44,29,68100,68100.0,-0.22529860411641162
1,9099,1,9,0,11,15,3,38,124,103000,103000.0,-0.20647035239346434
1,11700,1,6,0,13,22,5,110,43,60400,60400.0,-0.22945268830743437
1,12600,1,5,0,15,20,5,40,158,47200,47200.0,-0.2365739754920448
1,13800,1,5,0,5,18,4,14,142,155000,155000.0,-0.1784167968177263
1,14400,1,5,0,13,17,1,29,77,208900,208900.0,-0.14933820748056703
1,16400,1,7,0,11,10,2,166,106,251500,251500.0,-0.126355871566597
1,19600,1,0,0,9,11,5,26,150,149500,149500.0,-0.18138399981131398
1,19800,1,0,0,14,14,7,65,271,213400,213400.0,-0.14691049594035893
1,21400,1,4,0,13,16,5,138,180,128200,128200.0,-0.192875167768299
1,21800,0,5,1,26,16,4,367,170,159000,159000.0,-0.17625883100420797
1,22200,0,3,2,12,11,7,2541,1006,420000,420000.0,-0.03545156167213811
1,22400,1,2,0,9,15,6,49,195,215500,215500.0,-0.14577756388826182
1,23200,1,6,0,15,12,2,514,124,332900,332900.0,-0.08244126726149936
1,25100,0,5,0,21,19,2,748,657,433100,433100.0,-0.028384223632865635
1,26600,1,0,0,14,6,3,81,319,161100,161100.0,-0.17512589895211086
1,34500,1,1,2,17,21,4,32,77,662900,662900.0,0.0955909123537614
1,34900,0,0,0,14,14,1,53,6423,194600,194600.0,-0.157052935263895
1,36500,1,0,0,59,15,4,728,994,312600,312600.0,-0.09339294376510479
1,41000,1,5,0,9,8,1,292,195,785700,785700.0,0.16184046282877357
1,46100,1,3,0,13,14,3,31,199,321400,321400.0,-0.0886454189753645
1,46200,1,0,1,59,12,5,33,406,291200,291200.0,-0.10493806086742775
1,56800,1,0,0,14,5,3,186,595,379400,379400.0,-0.05735491467934898
1,60300,1,4,0,9,18,6,168,503,496800,496800.0,0.0059813819474134845
1,73000,1,0,0,21,11,4,5894,1715,611900,611900.0,0.06807684823140292
1,76100,0,0,3,15,1,4,1097,2325,558400,558400.0,0.03921405547559549
1,81900,0,6,2,15,18,7,541,2968,632900,632900.0,0.07940616875237405
1,113500,1,3,1,29,8,3,1175,415,1000000,1000000.0,0.27745348128801717
1,116400,0,2,0,13,14,1,15000,347,2700000,2700000.0,1.1945889520332997
1,126300,1,2,0,12,23,1,94,221,513000,513000.0,0.014721143492162648
1,141200,1,0,0,25,16,3,57,1432,1000000,1000000.0,0.27745348128801717
1,145200,1,12,3,13,20,6,1219,1444,1500000,1500000.0,0.5471992079778062
1,148800,1,2,0,9,6,6,1021,2044,1500000,1500000.0,0.5471992079778062
1,153400,0,2,0,25,13,6,127,509,795900,795900.0,0.16734327565324528
1,156800,1,2,0,12,18,7,41,216,584700,584700.0,0.05340268069947839
1,157700,1,0,1,39,21,4,386,1314,821200,821200.0,0.1809924094237486
1,165100,1,0,0,15,0,7,156,1969,1100000,1100000.0,0.3314026266259749
1,171500,1,4,0,6,18,5,1762,1051,2400000,2400000.0,1.0327415160194264
1,199600,1,3,0,12,20,5,113,387,1000000,1000000.0,0.27745348128801717
1,205500,1,2,5,20,23,7,60,143,893900,893900.0,0.22021343808444394
1,219100,1,2,0,14,8,4,3468,2352,2100000,2100000.0,0.870894080005553
1,271500,0,3,0,15,12,7,2119,8129,2800000,2800000.0,1.2485380973712576
1,299500,1,2,0,53,13,3,377,2637,1800000,1800000.0,0.7090466439916796
1,558800,1,0,0,27,17,1,2853,4522,4100000,4100000.0,1.949876986764709
1,619000,1,4,0,15,11,7,2146,6991,4000000,4000000.0,1.8959278414267513
